{"cameraMode":{"drawMode":0,"name":"Shaded","section":"Shading Mode"},"sceneLighting":false,"audioPlay":false,"sceneViewState":{"showFog":true,"showMaterialUpdate":true,"showSkybox":false,"showFlares":true,"showImageEffects":true,"showParticleSystems":true},"in2DMode":false,"pivot":{"x":-1.5299999713897706,"y":2.190000057220459,"z":-4.710000038146973},"rotation":{"x":0.17579583823680879,"y":0.009159701876342297,"z":-0.0015817631501704455,"w":0.9844416379928589},"size":0.7348472476005554,"orthographic":false}