{"cameraMode":{"drawMode":0,"name":"Shaded","section":"Shading Mode"},"sceneLighting":true,"audioPlay":false,"sceneViewState":{"showFog":true,"showMaterialUpdate":true,"showSkybox":true,"showFlares":true,"showImageEffects":true,"showParticleSystems":true},"in2DMode":false,"pivot":{"x":-6.905550003051758,"y":-5.194353103637695,"z":-2.422183036804199},"rotation":{"x":0.33732539415359499,"y":0.012143228203058243,"z":-0.004349623341113329,"w":0.9413113594055176},"size":7.2612080574035648,"orthographic":false}